<?xml version='1.0' encoding='utf-8'?>
<annotation verified="no">
	<folder>folder_path_tuple</folder>
	<filename>172530.xml</filename>
	<path>gen_data/generate_xml/172530.xml</path>
	<checked>NO</checked>
	<source>
		<database>Unknown</database>
	</source>
	<size>
		<width>703</width>
		<height>602</height>
		<depth>1</depth>
	</size>
	<segmented>0</segmented>
	<object>
		<name>pin</name>
		<flag>rectangle</flag>
		<pose>Unspecified</pose>
		<truncated>0</truncated>
		<difficult>0</difficult>
		<bndbox>
			<xmin>319</xmin>
			<ymin>40</ymin>
			<xmax>389</xmax>
			<ymax>180</ymax>
		</bndbox>
	</object>
	<object>
		<name>pin</name>
		<flag>rectangle</flag>
		<pose>Unspecified</pose>
		<truncated>0</truncated>
		<difficult>0</difficult>
		<bndbox>
			<xmin>224</xmin>
			<ymin>40</ymin>
			<xmax>294</xmax>
			<ymax>180</ymax>
		</bndbox>
	</object>
	<object>
		<name>pin</name>
		<flag>rectangle</flag>
		<pose>Unspecified</pose>
		<truncated>0</truncated>
		<difficult>0</difficult>
		<bndbox>
			<xmin>468</xmin>
			<ymin>430</ymin>
			<xmax>538</xmax>
			<ymax>570</ymax>
		</bndbox>
	</object>
	<object>
		<name>pin</name>
		<flag>rectangle</flag>
		<pose>Unspecified</pose>
		<truncated>0</truncated>
		<difficult>0</difficult>
		<bndbox>
			<xmin>424</xmin>
			<ymin>40</ymin>
			<xmax>494</xmax>
			<ymax>180</ymax>
		</bndbox>
	</object>
	<object>
		<name>pin</name>
		<flag>rectangle</flag>
		<pose>Unspecified</pose>
		<truncated>0</truncated>
		<difficult>0</difficult>
		<bndbox>
			<xmin>173</xmin>
			<ymin>430</ymin>
			<xmax>243</xmax>
			<ymax>570</ymax>
		</bndbox>
	</object>
	<object>
		<name>pin</name>
		<flag>rectangle</flag>
		<pose>Unspecified</pose>
		<truncated>0</truncated>
		<difficult>0</difficult>
		<bndbox>
			<xmin>131</xmin>
			<ymin>40</ymin>
			<xmax>201</xmax>
			<ymax>180</ymax>
		</bndbox>
	</object>
	<object>
		<name>pin</name>
		<flag>rectangle</flag>
		<pose>Unspecified</pose>
		<truncated>0</truncated>
		<difficult>0</difficult>
		<bndbox>
			<xmin>249</xmin>
			<ymin>430</ymin>
			<xmax>319</xmax>
			<ymax>570</ymax>
		</bndbox>
	</object>
</annotation>
